{
	"pattrstorage" : 	{
		"name" : "tonal-#2-#3",
		"slots" : 		{
			"1" : 			{
				"id" : 1,
				"data" : 				{
					"normalization_type" : [ 1 ],
					"knn-lookup::tonal-#2-weights" : [ 1.0, 1.0, 1.0, 1.0, 1.0, 1.0, 1.0, 1.0, 1.0, 1.0, 1.0, 1.0, 1.0 ]
				}

			}
,
			"2" : 			{
				"id" : 2,
				"data" : 				{
					"normalization_type" : [ 1 ],
					"knn-lookup::tonal-#2-weights" : [ 0.135678395628929, 1.0, 0.829145729541779, 0.778894484043121, 0.718592941761017, 0.688442230224609, 0.66834169626236, 0.66834169626236, 0.66834169626236, 0.648241221904755, 0.597989976406097, 0.567839205265045, 0.27638190984726 ]
				}

			}
,
			"3" : 			{
				"id" : 3,
				"data" : 				{
					"normalization_type" : [ 1 ],
					"knn-lookup::tonal-#2-weights" : [ 0.135678395628929, 0.286432147026062, 0.27638190984726, 0.286432147026062, 0.346733659505844, 0.407035171985626, 0.648241221904755, 0.809045255184174, 1.0, 1.0, 1.0, 1.0, 1.0 ]
				}

			}
,
			"4" : 			{
				"id" : 4,
				"data" : 				{
					"normalization_type" : [ 1 ],
					"knn-lookup::tonal-#2-weights" : [ 1.0, 1.0, 1.0, 1.0, 1.0, 1.0, 1.0, 1.0, 1.0, 1.0, 1.0, 1.0, 1.0 ]
				}

			}

		}

	}

}
