{
	"pattrstorage" : 	{
		"name" : "tonal",
		"slots" : 		{
			"1" : 			{
				"id" : 1,
				"data" : 				{
					"normalization_type" : [ 1 ],
					"knn-lookup::tonal-#2-weights" : [ 0.477386921644211, 1.0, 1.0, 1.0, 1.0, 1.0, 1.0, 1.0, 1.0, 1.0, 1.0, 1.0, 0.0, 0.0, 0.0, 0.0, 0.0, 0.0, 0.0, 0.0, 0.005025125574321, 0.015075377188623, 0.035175878554583, 0.015075377188623, 0.035175878554583, 0.487437188625336, 0.05527638271451 ]
				}

			}
,
			"2" : 			{
				"id" : 2,
				"data" : 				{
					"normalization_type" : [ 1 ],
					"knn-lookup::tonal-#2-weights" : [ 0.079999998211861, 0.245000004768372, 0.365000009536743, 0.054999999701977, 0.009999999776483, 0.389999985694885, 0.135000005364418, 0.305000007152557, 0.33500000834465, 0.079999998211861, 0.410314083099365, 0.27562814950943, 0.445942223072052, 0.476256281137466, 0.498768836259842, 0.233768850564957, 0.689999997615814, 0.540000021457672, 0.540000021457672, 0.419999986886978, 0.629999995231628, 0.310000002384186, 0.259999990463257, 0.300000011920929, 0.465000003576279, 0.334221094846725, 0.444999992847443 ]
				}

			}
,
			"3" : 			{
				"id" : 3,
				"data" : 				{
					"normalization_type" : [ 1 ],
					"knn-lookup::tonal-#2-weights" : [ 0.0, 0.065326631069183, 0.175879403948784, 0.256281405687332, 0.316582918167114, 0.366834163665771, 0.407035171985626, 0.467336684465408, 0.507537662982941, 0.547738671302795, 0.597989976406097, 1.0, 1.0, 1.0, 1.0, 1.0, 1.0, 1.0, 1.0, 1.0, 1.0, 1.0, 1.0, 1.0, 1.0, 0.145728647708893, 0.427135676145554 ]
				}

			}
,
			"4" : 			{
				"id" : 4,
				"data" : 				{
					"normalization_type" : [ 1 ],
					"knn-lookup::tonal-#2-weights" : [ 0.319999992847443, 0.111249998211861, 0.376249998807907, 0.283749997615814, 0.052499998360872, 0.207499995827675, 0.393750011920929, 0.141249999403954, 0.38374999165535, 0.064999997615814, 0.387578517198563, 0.363907039165497, 0.516485571861267, 0.159064069390297, 0.164692208170891, 0.493442207574844, 0.282499998807907, 0.275000005960464, 0.295000016689301, 0.104999996721745, 0.492500007152557, 0.442499995231628, 0.275000005960464, 0.514999985694885, 0.226250007748604, 0.08855527639389, 0.181249991059303 ]
				}

			}
,
			"5" : 			{
				"id" : 5,
				"data" : 				{
					"normalization_type" : [ 1 ],
					"knn-lookup::tonal-#2-weights" : [ 1.0, 1.0, 1.0, 1.0, 1.0, 1.0, 1.0, 1.0, 1.0, 0.0, 0.0, 0.0, 0.0, 0.0, 0.0, 0.0, 0.0, 0.0, 0.0, 0.0, 0.0, 0.0, 0.0, 1.0, 0.0 ]
				}

			}

		}

	}

}
