{
	"pattrstorage" : 	{
		"name" : "tonal",
		"slots" : 		{
			"1" : 			{
				"id" : 1,
				"data" : 				{
					"live.slider" : [ 6000.0 ],
					"normalization_type" : [ 2 ],
					"knn-lookup::live.tab" : [ 0.0 ],
					"knn-lookup::tonal-#2-weights" : [ 0.236180901527405, 1.0, 1.0, 1.0, 1.0, 1.0, 1.0, 1.0, 1.0, 1.0, 1.0, 1.0, 0.0, 0.0, 0.0, 0.0, 0.0, 0.0, 0.0, 0.0, 0.0, 0.0, 0.0, 0.0, 0.0, 0.0, 0.0 ]
				}

			}
,
			"2" : 			{
				"id" : 2,
				"data" : 				{
					"live.slider" : [ 6000.0 ],
					"normalization_type" : [ 1 ],
					"knn-lookup::live.tab" : [ 1.0 ],
					"knn-lookup::tonal-#2-weights" : [ 1.0, 0.396984934806824, 0.0, 0.0, 0.0, 0.0, 0.0, 0.0 ]
				}

			}
,
			"3" : 			{
				"id" : 3,
				"data" : 				{
					"live.slider" : [  ],
					"normalization_type" : [ 1 ],
					"knn-lookup::live.tab" : [  ],
					"knn-lookup::tonal-#2-weights" : [ 0.0, 0.065326631069183, 0.175879403948784, 0.256281405687332, 0.316582918167114, 0.366834163665771, 0.407035171985626, 0.467336684465408, 0.507537662982941, 0.547738671302795, 0.597989976406097, 1.0, 1.0, 1.0, 1.0, 1.0, 1.0, 1.0, 1.0, 1.0, 1.0, 1.0, 1.0, 1.0, 1.0, 0.145728647708893, 0.427135676145554 ]
				}

			}
,
			"4" : 			{
				"id" : 4,
				"data" : 				{
					"live.slider" : [  ],
					"normalization_type" : [ 1 ],
					"knn-lookup::live.tab" : [  ],
					"knn-lookup::tonal-#2-weights" : [ 0.319999992847443, 0.111249998211861, 0.376249998807907, 0.283749997615814, 0.052499998360872, 0.207499995827675, 0.393750011920929, 0.141249999403954, 0.38374999165535, 0.064999997615814, 0.387578517198563, 0.363907039165497, 0.516485571861267, 0.159064069390297, 0.164692208170891, 0.493442207574844, 0.282499998807907, 0.275000005960464, 0.295000016689301, 0.104999996721745, 0.492500007152557, 0.442499995231628, 0.275000005960464, 0.514999985694885, 0.226250007748604, 0.08855527639389, 0.181249991059303 ]
				}

			}
,
			"5" : 			{
				"id" : 5,
				"data" : 				{
					"live.slider" : [  ],
					"normalization_type" : [ 1 ],
					"knn-lookup::live.tab" : [  ],
					"knn-lookup::tonal-#2-weights" : [ 1.0, 1.0, 1.0, 1.0, 1.0, 1.0, 1.0, 1.0, 1.0, 0.0, 0.0, 0.0, 0.0, 0.0, 0.0, 0.0, 0.0, 0.0, 0.0, 0.0, 0.0, 0.0, 0.0, 1.0, 0.0 ]
				}

			}

		}

	}

}
