{
	"pattrstorage" : 	{
		"name" : "tonal",
		"slots" : 		{
			"1" : 			{
				"id" : 1,
				"data" : 				{
					"normalization_type" : [ 0 ],
					"knn-lookup::tonal-#2-weights" : [ 0.266331672668457, 0.271356791257858, 0.27638190984726, 0.286432147026062, 0.289782255887985, 0.293132334947586, 0.306532651185989, 0.316582918167114, 0.326633155345917, 0.336683422327042, 0.356783926486969, 0.366834163665771, 0.376884430646896, 1.0, 1.0, 1.0, 1.0, 1.0, 1.0, 1.0, 1.0, 1.0, 1.0, 1.0, 1.0 ]
				}

			}
,
			"2" : 			{
				"id" : 2,
				"data" : 				{
					"normalization_type" : [ 0 ],
					"knn-lookup::tonal-#2-weights" : [ 1.0, 1.0, 1.0, 1.0, 1.0, 1.0, 1.0, 1.0, 1.0, 1.0, 1.0, 1.0, 0.336683422327042, 0.301507532596588, 0.266331672668457, 0.226130649447441, 0.19597989320755, 0.16582915186882, 0.150753766298294, 0.135678395628929, 0.125628143548965, 0.115577891469002, 0.105527639389038, 0.095477387309074, 0.0 ]
				}

			}

		}

	}

}
